{
  "summary": {
    "run_name": "improved_focal_roberta-base_seed42",
    "model_dir": "/home/nlp01/bs_detector/models/improved_focal_roberta-base_seed42",
    "eval_split": "test",
    "n_samples": 1266,
    "accuracy": 0.7259083728278041,
    "f1_macro": 0.6741125903125901,
    "f1_weighted": 0.7262371352033515,
    "per_class_f1": {
      "ad_hominem": 0.6981132075471698,
      "appeal_to_authority": 0.7046632124352331,
      "false_cause": 0.45454545454545453,
      "false_dilemma": 0.7323943661971831,
      "hasty_generalization": 0.5815602836879432,
      "none": 0.7755102040816326,
      "other": 0.7541713014460512,
      "slippery_slope": 0.8354430379746836,
      "straw_man": 0.5306122448979592
    },
    "labels": [
      "ad_hominem",
      "appeal_to_authority",
      "false_cause",
      "false_dilemma",
      "hasty_generalization",
      "none",
      "other",
      "slippery_slope",
      "straw_man"
    ],
    "confusion_matrix_csv": "/home/nlp01/bs_detector/reports/confusion_matrix_improved_focal_roberta-base_seed42.csv"
  }
}