{
  "run_name": "improved_focal_roberta-base_seed42",
  "output_dir": "/home/nlp01/bs_detector/models/improved_focal_roberta-base_seed42",
  "loss_type": "focal",
  "n_labels": 9,
  "labels": [
    "ad_hominem",
    "appeal_to_authority",
    "false_cause",
    "false_dilemma",
    "hasty_generalization",
    "none",
    "other",
    "slippery_slope",
    "straw_man"
  ],
  "class_weights": {
    "ad_hominem": 3.179797887802124,
    "appeal_to_authority": 1.6436926126480103,
    "false_cause": 4.286492347717285,
    "false_dilemma": 1.653014063835144,
    "hasty_generalization": 1.1536206007003784,
    "none": 0.39729416370391846,
    "other": 0.3110795021057129,
    "slippery_slope": 2.0288734436035156,
    "straw_man": 6.778639316558838
  },
  "train_runtime_seconds": 459.0326,
  "dev_metrics": {
    "eval_loss": 0.929435133934021,
    "eval_accuracy": 0.7617647058823529,
    "eval_f1_macro": 0.6853933420376455,
    "eval_f1_weighted": 0.760842218274936,
    "eval_runtime": 5.9024,
    "eval_samples_per_second": 345.62,
    "eval_steps_per_second": 21.686,
    "epoch": 5.0
  },
  "test_metrics": {
    "eval_loss": 1.1057242155075073,
    "eval_accuracy": 0.7259083728278041,
    "eval_f1_macro": 0.6741125903125901,
    "eval_f1_weighted": 0.7262371352033515,
    "eval_runtime": 3.5037,
    "eval_samples_per_second": 361.328,
    "eval_steps_per_second": 22.833,
    "epoch": 5.0
  }
}